key,tipo,unidad,torre,email,password,ruta_inicial
administrador,administrador,ADMIN,Administracion,qa.admin@adminconjunta.local,AdminConjunta#2026,/admin/dashboard
consejo,consejo,CJ-01,Consejo,qa.consejo@adminconjunta.local,AdminConjunta#2026,/consejo/dashboard
contadora,contadora,CONT,Administracion,qa.contadora@adminconjunta.local,AdminConjunta#2026,/contadora/dashboard
seguridad,seguridad,PORT,Porteria,qa.seguridad@adminconjunta.local,AdminConjunta#2026,/seguridad/dashboard
comite,comite_convivencia,CC-01,Comite,qa.comite@adminconjunta.local,AdminConjunta#2026,/comite/dashboard
servicios,servicios_generales,SG-01,Operaciones,qa.servicios@adminconjunta.local,AdminConjunta#2026,/servicios/dashboard
residencial-001,residente,1,Bloque A,qa.casa001@adminconjunta.local,AdminConjunta#2026,/residente/dashboard
residencial-002,propietario_residente,2,Bloque A,qa.casa002@adminconjunta.local,AdminConjunta#2026,/residente/dashboard
residencial-003,arrendatario,3,Bloque A,qa.casa003@adminconjunta.local,AdminConjunta#2026,/residente/dashboard
residencial-004,propietario_no_residente,4,Bloque A,qa.casa004@adminconjunta.local,AdminConjunta#2026,/residente/dashboard
residencial-005,residente,5,Bloque A,qa.casa005@adminconjunta.local,AdminConjunta#2026,/residente/dashboard
residencial-006,propietario_residente,6,Bloque A,qa.casa006@adminconjunta.local,AdminConjunta#2026,/residente/dashboard
residencial-007,arrendatario,7,Bloque A,qa.casa007@adminconjunta.local,AdminConjunta#2026,/residente/dashboard
residencial-008,propietario_no_residente,8,Bloque A,qa.casa008@adminconjunta.local,AdminConjunta#2026,/residente/dashboard
residencial-009,residente,9,Bloque A,qa.casa009@adminconjunta.local,AdminConjunta#2026,/residente/dashboard
residencial-010,propietario_residente,10,Bloque A,qa.casa010@adminconjunta.local,AdminConjunta#2026,/residente/dashboard
residencial-011,arrendatario,11,Bloque A,qa.casa011@adminconjunta.local,AdminConjunta#2026,/residente/dashboard
residencial-012,propietario_no_residente,12,Bloque A,qa.casa012@adminconjunta.local,AdminConjunta#2026,/residente/dashboard
residencial-013,residente,13,Bloque A,qa.casa013@adminconjunta.local,AdminConjunta#2026,/residente/dashboard
residencial-014,propietario_residente,14,Bloque A,qa.casa014@adminconjunta.local,AdminConjunta#2026,/residente/dashboard
residencial-015,arrendatario,15,Bloque A,qa.casa015@adminconjunta.local,AdminConjunta#2026,/residente/dashboard
residencial-016,propietario_no_residente,16,Bloque A,qa.casa016@adminconjunta.local,AdminConjunta#2026,/residente/dashboard
residencial-017,residente,17,Bloque A,qa.casa017@adminconjunta.local,AdminConjunta#2026,/residente/dashboard
residencial-018,propietario_residente,18,Bloque A,qa.casa018@adminconjunta.local,AdminConjunta#2026,/residente/dashboard
residencial-019,arrendatario,19,Bloque A,qa.casa019@adminconjunta.local,AdminConjunta#2026,/residente/dashboard
residencial-020,propietario_no_residente,20,Bloque A,qa.casa020@adminconjunta.local,AdminConjunta#2026,/residente/dashboard
residencial-021,residente,21,Bloque A,qa.casa021@adminconjunta.local,AdminConjunta#2026,/residente/dashboard
residencial-022,propietario_residente,22,Bloque A,qa.casa022@adminconjunta.local,AdminConjunta#2026,/residente/dashboard
residencial-023,arrendatario,23,Bloque A,qa.casa023@adminconjunta.local,AdminConjunta#2026,/residente/dashboard
residencial-024,propietario_no_residente,24,Bloque A,qa.casa024@adminconjunta.local,AdminConjunta#2026,/residente/dashboard
residencial-025,residente,25,Bloque A,qa.casa025@adminconjunta.local,AdminConjunta#2026,/residente/dashboard
residencial-026,propietario_residente,26,Bloque A,qa.casa026@adminconjunta.local,AdminConjunta#2026,/residente/dashboard
residencial-027,arrendatario,27,Bloque A,qa.casa027@adminconjunta.local,AdminConjunta#2026,/residente/dashboard
residencial-028,propietario_no_residente,28,Bloque A,qa.casa028@adminconjunta.local,AdminConjunta#2026,/residente/dashboard
residencial-029,residente,29,Bloque A,qa.casa029@adminconjunta.local,AdminConjunta#2026,/residente/dashboard
residencial-030,propietario_residente,30,Bloque A,qa.casa030@adminconjunta.local,AdminConjunta#2026,/residente/dashboard
residencial-031,arrendatario,31,Bloque A,qa.casa031@adminconjunta.local,AdminConjunta#2026,/residente/dashboard
residencial-032,propietario_no_residente,32,Bloque A,qa.casa032@adminconjunta.local,AdminConjunta#2026,/residente/dashboard
residencial-033,residente,33,Bloque A,qa.casa033@adminconjunta.local,AdminConjunta#2026,/residente/dashboard
residencial-034,propietario_residente,34,Bloque A,qa.casa034@adminconjunta.local,AdminConjunta#2026,/residente/dashboard
residencial-035,arrendatario,35,Bloque A,qa.casa035@adminconjunta.local,AdminConjunta#2026,/residente/dashboard
residencial-036,propietario_no_residente,36,Bloque A,qa.casa036@adminconjunta.local,AdminConjunta#2026,/residente/dashboard
residencial-037,residente,37,Bloque A,qa.casa037@adminconjunta.local,AdminConjunta#2026,/residente/dashboard
residencial-038,propietario_residente,38,Bloque A,qa.casa038@adminconjunta.local,AdminConjunta#2026,/residente/dashboard
residencial-039,arrendatario,39,Bloque A,qa.casa039@adminconjunta.local,AdminConjunta#2026,/residente/dashboard
residencial-040,propietario_no_residente,40,Bloque A,qa.casa040@adminconjunta.local,AdminConjunta#2026,/residente/dashboard
residencial-041,residente,41,Bloque A,qa.casa041@adminconjunta.local,AdminConjunta#2026,/residente/dashboard
residencial-042,propietario_residente,42,Bloque A,qa.casa042@adminconjunta.local,AdminConjunta#2026,/residente/dashboard
residencial-043,arrendatario,43,Bloque A,qa.casa043@adminconjunta.local,AdminConjunta#2026,/residente/dashboard
residencial-044,propietario_no_residente,44,Bloque A,qa.casa044@adminconjunta.local,AdminConjunta#2026,/residente/dashboard
residencial-045,residente,45,Bloque A,qa.casa045@adminconjunta.local,AdminConjunta#2026,/residente/dashboard
residencial-046,propietario_residente,46,Bloque A,qa.casa046@adminconjunta.local,AdminConjunta#2026,/residente/dashboard
residencial-047,arrendatario,47,Bloque A,qa.casa047@adminconjunta.local,AdminConjunta#2026,/residente/dashboard
residencial-048,propietario_no_residente,48,Bloque A,qa.casa048@adminconjunta.local,AdminConjunta#2026,/residente/dashboard
residencial-049,residente,49,Bloque A,qa.casa049@adminconjunta.local,AdminConjunta#2026,/residente/dashboard
residencial-050,propietario_residente,50,Bloque A,qa.casa050@adminconjunta.local,AdminConjunta#2026,/residente/dashboard
residencial-051,arrendatario,51,Bloque A,qa.casa051@adminconjunta.local,AdminConjunta#2026,/residente/dashboard
residencial-052,propietario_no_residente,52,Bloque A,qa.casa052@adminconjunta.local,AdminConjunta#2026,/residente/dashboard
residencial-053,residente,53,Bloque A,qa.casa053@adminconjunta.local,AdminConjunta#2026,/residente/dashboard
residencial-054,propietario_residente,54,Bloque A,qa.casa054@adminconjunta.local,AdminConjunta#2026,/residente/dashboard
residencial-055,arrendatario,55,Bloque A,qa.casa055@adminconjunta.local,AdminConjunta#2026,/residente/dashboard
residencial-056,propietario_no_residente,56,Bloque A,qa.casa056@adminconjunta.local,AdminConjunta#2026,/residente/dashboard
residencial-057,residente,57,Bloque A,qa.casa057@adminconjunta.local,AdminConjunta#2026,/residente/dashboard
residencial-058,propietario_residente,58,Bloque A,qa.casa058@adminconjunta.local,AdminConjunta#2026,/residente/dashboard
residencial-059,arrendatario,59,Bloque A,qa.casa059@adminconjunta.local,AdminConjunta#2026,/residente/dashboard
residencial-060,propietario_no_residente,60,Bloque A,qa.casa060@adminconjunta.local,AdminConjunta#2026,/residente/dashboard
residencial-061,residente,61,Bloque A,qa.casa061@adminconjunta.local,AdminConjunta#2026,/residente/dashboard
residencial-062,propietario_residente,62,Bloque A,qa.casa062@adminconjunta.local,AdminConjunta#2026,/residente/dashboard
residencial-063,arrendatario,63,Bloque A,qa.casa063@adminconjunta.local,AdminConjunta#2026,/residente/dashboard
residencial-064,propietario_no_residente,64,Bloque A,qa.casa064@adminconjunta.local,AdminConjunta#2026,/residente/dashboard
residencial-065,residente,65,Bloque A,qa.casa065@adminconjunta.local,AdminConjunta#2026,/residente/dashboard
residencial-066,propietario_residente,66,Bloque A,qa.casa066@adminconjunta.local,AdminConjunta#2026,/residente/dashboard
residencial-067,arrendatario,67,Bloque A,qa.casa067@adminconjunta.local,AdminConjunta#2026,/residente/dashboard
residencial-068,propietario_no_residente,68,Bloque A,qa.casa068@adminconjunta.local,AdminConjunta#2026,/residente/dashboard
residencial-069,residente,69,Bloque A,qa.casa069@adminconjunta.local,AdminConjunta#2026,/residente/dashboard
residencial-070,propietario_residente,70,Bloque A,qa.casa070@adminconjunta.local,AdminConjunta#2026,/residente/dashboard
residencial-071,arrendatario,71,Bloque A,qa.casa071@adminconjunta.local,AdminConjunta#2026,/residente/dashboard
residencial-072,propietario_no_residente,72,Bloque A,qa.casa072@adminconjunta.local,AdminConjunta#2026,/residente/dashboard
residencial-073,residente,73,Bloque A,qa.casa073@adminconjunta.local,AdminConjunta#2026,/residente/dashboard
residencial-074,propietario_residente,74,Bloque A,qa.casa074@adminconjunta.local,AdminConjunta#2026,/residente/dashboard
residencial-075,arrendatario,75,Bloque A,qa.casa075@adminconjunta.local,AdminConjunta#2026,/residente/dashboard
residencial-076,propietario_no_residente,76,Bloque A,qa.casa076@adminconjunta.local,AdminConjunta#2026,/residente/dashboard
residencial-077,residente,77,Bloque A,qa.casa077@adminconjunta.local,AdminConjunta#2026,/residente/dashboard
residencial-078,propietario_residente,78,Bloque A,qa.casa078@adminconjunta.local,AdminConjunta#2026,/residente/dashboard
residencial-079,arrendatario,79,Bloque A,qa.casa079@adminconjunta.local,AdminConjunta#2026,/residente/dashboard
residencial-080,propietario_no_residente,80,Bloque A,qa.casa080@adminconjunta.local,AdminConjunta#2026,/residente/dashboard
residencial-081,residente,81,Bloque A,qa.casa081@adminconjunta.local,AdminConjunta#2026,/residente/dashboard
residencial-082,propietario_residente,82,Bloque A,qa.casa082@adminconjunta.local,AdminConjunta#2026,/residente/dashboard
residencial-083,arrendatario,83,Bloque A,qa.casa083@adminconjunta.local,AdminConjunta#2026,/residente/dashboard
residencial-084,propietario_no_residente,84,Bloque A,qa.casa084@adminconjunta.local,AdminConjunta#2026,/residente/dashboard
residencial-085,residente,85,Bloque A,qa.casa085@adminconjunta.local,AdminConjunta#2026,/residente/dashboard
residencial-086,propietario_residente,86,Bloque A,qa.casa086@adminconjunta.local,AdminConjunta#2026,/residente/dashboard
residencial-087,arrendatario,87,Bloque A,qa.casa087@adminconjunta.local,AdminConjunta#2026,/residente/dashboard
residencial-088,propietario_no_residente,88,Bloque A,qa.casa088@adminconjunta.local,AdminConjunta#2026,/residente/dashboard
residencial-089,residente,89,Bloque A,qa.casa089@adminconjunta.local,AdminConjunta#2026,/residente/dashboard
residencial-090,propietario_residente,90,Bloque A,qa.casa090@adminconjunta.local,AdminConjunta#2026,/residente/dashboard
residencial-091,arrendatario,91,Bloque A,qa.casa091@adminconjunta.local,AdminConjunta#2026,/residente/dashboard
residencial-092,propietario_no_residente,92,Bloque A,qa.casa092@adminconjunta.local,AdminConjunta#2026,/residente/dashboard
residencial-093,residente,93,Bloque A,qa.casa093@adminconjunta.local,AdminConjunta#2026,/residente/dashboard
residencial-094,propietario_residente,94,Bloque A,qa.casa094@adminconjunta.local,AdminConjunta#2026,/residente/dashboard
residencial-095,arrendatario,95,Bloque A,qa.casa095@adminconjunta.local,AdminConjunta#2026,/residente/dashboard
residencial-096,propietario_no_residente,96,Bloque A,qa.casa096@adminconjunta.local,AdminConjunta#2026,/residente/dashboard
residencial-097,residente,97,Bloque A,qa.casa097@adminconjunta.local,AdminConjunta#2026,/residente/dashboard
residencial-098,propietario_residente,98,Bloque A,qa.casa098@adminconjunta.local,AdminConjunta#2026,/residente/dashboard
residencial-099,arrendatario,99,Bloque A,qa.casa099@adminconjunta.local,AdminConjunta#2026,/residente/dashboard
residencial-100,propietario_no_residente,100,Bloque A,qa.casa100@adminconjunta.local,AdminConjunta#2026,/residente/dashboard
residente,residente,101,Bloque A,qa.residente@adminconjunta.local,AdminConjunta#2026,/residente/dashboard
residencial-102,propietario_residente,102,Bloque A,qa.casa102@adminconjunta.local,AdminConjunta#2026,/residente/dashboard
residencial-103,arrendatario,103,Bloque A,qa.casa103@adminconjunta.local,AdminConjunta#2026,/residente/dashboard
residencial-104,propietario_no_residente,104,Bloque A,qa.casa104@adminconjunta.local,AdminConjunta#2026,/residente/dashboard
residencial-105,residente,105,Bloque A,qa.casa105@adminconjunta.local,AdminConjunta#2026,/residente/dashboard
residencial-106,propietario_residente,106,Bloque A,qa.casa106@adminconjunta.local,AdminConjunta#2026,/residente/dashboard
residencial-107,arrendatario,107,Bloque A,qa.casa107@adminconjunta.local,AdminConjunta#2026,/residente/dashboard
residencial-108,propietario_no_residente,108,Bloque A,qa.casa108@adminconjunta.local,AdminConjunta#2026,/residente/dashboard
residencial-109,residente,109,Bloque A,qa.casa109@adminconjunta.local,AdminConjunta#2026,/residente/dashboard
residencial-110,propietario_residente,110,Bloque A,qa.casa110@adminconjunta.local,AdminConjunta#2026,/residente/dashboard
residencial-111,arrendatario,111,Bloque A,qa.casa111@adminconjunta.local,AdminConjunta#2026,/residente/dashboard
residencial-112,propietario_no_residente,112,Bloque A,qa.casa112@adminconjunta.local,AdminConjunta#2026,/residente/dashboard
residencial-113,residente,113,Bloque A,qa.casa113@adminconjunta.local,AdminConjunta#2026,/residente/dashboard
residencial-114,propietario_residente,114,Bloque A,qa.casa114@adminconjunta.local,AdminConjunta#2026,/residente/dashboard
residencial-115,arrendatario,115,Bloque A,qa.casa115@adminconjunta.local,AdminConjunta#2026,/residente/dashboard
residencial-116,propietario_no_residente,116,Bloque A,qa.casa116@adminconjunta.local,AdminConjunta#2026,/residente/dashboard
residencial-117,residente,117,Bloque A,qa.casa117@adminconjunta.local,AdminConjunta#2026,/residente/dashboard
residencial-118,propietario_residente,118,Bloque A,qa.casa118@adminconjunta.local,AdminConjunta#2026,/residente/dashboard
residencial-119,arrendatario,119,Bloque A,qa.casa119@adminconjunta.local,AdminConjunta#2026,/residente/dashboard
residencial-120,propietario_no_residente,120,Bloque A,qa.casa120@adminconjunta.local,AdminConjunta#2026,/residente/dashboard
residencial-121,residente,121,Bloque A,qa.casa121@adminconjunta.local,AdminConjunta#2026,/residente/dashboard
residencial-122,propietario_residente,122,Bloque A,qa.casa122@adminconjunta.local,AdminConjunta#2026,/residente/dashboard
residencial-123,arrendatario,123,Bloque A,qa.casa123@adminconjunta.local,AdminConjunta#2026,/residente/dashboard
residencial-124,propietario_no_residente,124,Bloque A,qa.casa124@adminconjunta.local,AdminConjunta#2026,/residente/dashboard
residencial-125,residente,125,Bloque A,qa.casa125@adminconjunta.local,AdminConjunta#2026,/residente/dashboard
residencial-126,propietario_residente,126,Bloque A,qa.casa126@adminconjunta.local,AdminConjunta#2026,/residente/dashboard
residencial-127,arrendatario,127,Bloque A,qa.casa127@adminconjunta.local,AdminConjunta#2026,/residente/dashboard
residencial-128,propietario_no_residente,128,Bloque A,qa.casa128@adminconjunta.local,AdminConjunta#2026,/residente/dashboard
residencial-129,residente,129,Bloque A,qa.casa129@adminconjunta.local,AdminConjunta#2026,/residente/dashboard
residencial-130,propietario_residente,130,Bloque A,qa.casa130@adminconjunta.local,AdminConjunta#2026,/residente/dashboard
residencial-131,arrendatario,131,Bloque A,qa.casa131@adminconjunta.local,AdminConjunta#2026,/residente/dashboard
residencial-132,propietario_no_residente,132,Bloque B,qa.casa132@adminconjunta.local,AdminConjunta#2026,/residente/dashboard
residencial-133,residente,133,Bloque B,qa.casa133@adminconjunta.local,AdminConjunta#2026,/residente/dashboard
residencial-134,propietario_residente,134,Bloque B,qa.casa134@adminconjunta.local,AdminConjunta#2026,/residente/dashboard
residencial-135,arrendatario,135,Bloque B,qa.casa135@adminconjunta.local,AdminConjunta#2026,/residente/dashboard
residencial-136,propietario_no_residente,136,Bloque B,qa.casa136@adminconjunta.local,AdminConjunta#2026,/residente/dashboard
residencial-137,residente,137,Bloque B,qa.casa137@adminconjunta.local,AdminConjunta#2026,/residente/dashboard
residencial-138,propietario_residente,138,Bloque B,qa.casa138@adminconjunta.local,AdminConjunta#2026,/residente/dashboard
residencial-139,arrendatario,139,Bloque B,qa.casa139@adminconjunta.local,AdminConjunta#2026,/residente/dashboard
residencial-140,propietario_no_residente,140,Bloque B,qa.casa140@adminconjunta.local,AdminConjunta#2026,/residente/dashboard
residencial-141,residente,141,Bloque B,qa.casa141@adminconjunta.local,AdminConjunta#2026,/residente/dashboard
residencial-142,propietario_residente,142,Bloque B,qa.casa142@adminconjunta.local,AdminConjunta#2026,/residente/dashboard
residencial-143,arrendatario,143,Bloque B,qa.casa143@adminconjunta.local,AdminConjunta#2026,/residente/dashboard
residencial-144,propietario_no_residente,144,Bloque B,qa.casa144@adminconjunta.local,AdminConjunta#2026,/residente/dashboard
residencial-145,residente,145,Bloque B,qa.casa145@adminconjunta.local,AdminConjunta#2026,/residente/dashboard
residencial-146,propietario_residente,146,Bloque B,qa.casa146@adminconjunta.local,AdminConjunta#2026,/residente/dashboard
residencial-147,arrendatario,147,Bloque B,qa.casa147@adminconjunta.local,AdminConjunta#2026,/residente/dashboard
residencial-148,propietario_no_residente,148,Bloque B,qa.casa148@adminconjunta.local,AdminConjunta#2026,/residente/dashboard
residencial-149,residente,149,Bloque B,qa.casa149@adminconjunta.local,AdminConjunta#2026,/residente/dashboard
residencial-150,propietario_residente,150,Bloque B,qa.casa150@adminconjunta.local,AdminConjunta#2026,/residente/dashboard
residencial-151,arrendatario,151,Bloque B,qa.casa151@adminconjunta.local,AdminConjunta#2026,/residente/dashboard
residencial-152,propietario_no_residente,152,Bloque B,qa.casa152@adminconjunta.local,AdminConjunta#2026,/residente/dashboard
residencial-153,residente,153,Bloque B,qa.casa153@adminconjunta.local,AdminConjunta#2026,/residente/dashboard
residencial-154,propietario_residente,154,Bloque B,qa.casa154@adminconjunta.local,AdminConjunta#2026,/residente/dashboard
residencial-155,arrendatario,155,Bloque B,qa.casa155@adminconjunta.local,AdminConjunta#2026,/residente/dashboard
residencial-156,propietario_no_residente,156,Bloque B,qa.casa156@adminconjunta.local,AdminConjunta#2026,/residente/dashboard
residencial-157,residente,157,Bloque B,qa.casa157@adminconjunta.local,AdminConjunta#2026,/residente/dashboard
residencial-158,propietario_residente,158,Bloque B,qa.casa158@adminconjunta.local,AdminConjunta#2026,/residente/dashboard
residencial-159,arrendatario,159,Bloque B,qa.casa159@adminconjunta.local,AdminConjunta#2026,/residente/dashboard
residencial-160,propietario_no_residente,160,Bloque B,qa.casa160@adminconjunta.local,AdminConjunta#2026,/residente/dashboard
residencial-161,residente,161,Bloque B,qa.casa161@adminconjunta.local,AdminConjunta#2026,/residente/dashboard
residencial-162,propietario_residente,162,Bloque B,qa.casa162@adminconjunta.local,AdminConjunta#2026,/residente/dashboard
residencial-163,arrendatario,163,Bloque B,qa.casa163@adminconjunta.local,AdminConjunta#2026,/residente/dashboard
residencial-164,propietario_no_residente,164,Bloque B,qa.casa164@adminconjunta.local,AdminConjunta#2026,/residente/dashboard
residencial-165,residente,165,Bloque B,qa.casa165@adminconjunta.local,AdminConjunta#2026,/residente/dashboard
residencial-166,propietario_residente,166,Bloque B,qa.casa166@adminconjunta.local,AdminConjunta#2026,/residente/dashboard
residencial-167,arrendatario,167,Bloque B,qa.casa167@adminconjunta.local,AdminConjunta#2026,/residente/dashboard
residencial-168,propietario_no_residente,168,Bloque B,qa.casa168@adminconjunta.local,AdminConjunta#2026,/residente/dashboard
residencial-169,residente,169,Bloque B,qa.casa169@adminconjunta.local,AdminConjunta#2026,/residente/dashboard
residencial-170,propietario_residente,170,Bloque B,qa.casa170@adminconjunta.local,AdminConjunta#2026,/residente/dashboard
residencial-171,arrendatario,171,Bloque B,qa.casa171@adminconjunta.local,AdminConjunta#2026,/residente/dashboard
residencial-172,propietario_no_residente,172,Bloque B,qa.casa172@adminconjunta.local,AdminConjunta#2026,/residente/dashboard
residencial-173,residente,173,Bloque B,qa.casa173@adminconjunta.local,AdminConjunta#2026,/residente/dashboard
residencial-174,propietario_residente,174,Bloque B,qa.casa174@adminconjunta.local,AdminConjunta#2026,/residente/dashboard
residencial-175,arrendatario,175,Bloque B,qa.casa175@adminconjunta.local,AdminConjunta#2026,/residente/dashboard
residencial-176,propietario_no_residente,176,Bloque B,qa.casa176@adminconjunta.local,AdminConjunta#2026,/residente/dashboard
residencial-177,residente,177,Bloque B,qa.casa177@adminconjunta.local,AdminConjunta#2026,/residente/dashboard
residencial-178,propietario_residente,178,Bloque B,qa.casa178@adminconjunta.local,AdminConjunta#2026,/residente/dashboard
residencial-179,arrendatario,179,Bloque B,qa.casa179@adminconjunta.local,AdminConjunta#2026,/residente/dashboard
residencial-180,propietario_no_residente,180,Bloque B,qa.casa180@adminconjunta.local,AdminConjunta#2026,/residente/dashboard
residencial-181,residente,181,Bloque B,qa.casa181@adminconjunta.local,AdminConjunta#2026,/residente/dashboard
residencial-182,propietario_residente,182,Bloque B,qa.casa182@adminconjunta.local,AdminConjunta#2026,/residente/dashboard
residencial-183,arrendatario,183,Bloque B,qa.casa183@adminconjunta.local,AdminConjunta#2026,/residente/dashboard
residencial-184,propietario_no_residente,184,Bloque B,qa.casa184@adminconjunta.local,AdminConjunta#2026,/residente/dashboard
residencial-185,residente,185,Bloque B,qa.casa185@adminconjunta.local,AdminConjunta#2026,/residente/dashboard
residencial-186,propietario_residente,186,Bloque B,qa.casa186@adminconjunta.local,AdminConjunta#2026,/residente/dashboard
residencial-187,arrendatario,187,Bloque B,qa.casa187@adminconjunta.local,AdminConjunta#2026,/residente/dashboard
residencial-188,propietario_no_residente,188,Bloque B,qa.casa188@adminconjunta.local,AdminConjunta#2026,/residente/dashboard
residencial-189,residente,189,Bloque B,qa.casa189@adminconjunta.local,AdminConjunta#2026,/residente/dashboard
residencial-190,propietario_residente,190,Bloque B,qa.casa190@adminconjunta.local,AdminConjunta#2026,/residente/dashboard
residencial-191,arrendatario,191,Bloque B,qa.casa191@adminconjunta.local,AdminConjunta#2026,/residente/dashboard
residencial-192,propietario_no_residente,192,Bloque B,qa.casa192@adminconjunta.local,AdminConjunta#2026,/residente/dashboard
residencial-193,residente,193,Bloque B,qa.casa193@adminconjunta.local,AdminConjunta#2026,/residente/dashboard
residencial-194,propietario_residente,194,Bloque B,qa.casa194@adminconjunta.local,AdminConjunta#2026,/residente/dashboard
residencial-195,arrendatario,195,Bloque B,qa.casa195@adminconjunta.local,AdminConjunta#2026,/residente/dashboard
residencial-196,propietario_no_residente,196,Bloque B,qa.casa196@adminconjunta.local,AdminConjunta#2026,/residente/dashboard
residencial-197,residente,197,Bloque B,qa.casa197@adminconjunta.local,AdminConjunta#2026,/residente/dashboard
residencial-198,propietario_residente,198,Bloque B,qa.casa198@adminconjunta.local,AdminConjunta#2026,/residente/dashboard
residencial-199,arrendatario,199,Bloque B,qa.casa199@adminconjunta.local,AdminConjunta#2026,/residente/dashboard
residencial-200,propietario_no_residente,200,Bloque B,qa.casa200@adminconjunta.local,AdminConjunta#2026,/residente/dashboard
residencial-201,residente,201,Bloque B,qa.casa201@adminconjunta.local,AdminConjunta#2026,/residente/dashboard
residencial-202,propietario_residente,202,Bloque B,qa.casa202@adminconjunta.local,AdminConjunta#2026,/residente/dashboard
residencial-203,arrendatario,203,Bloque B,qa.casa203@adminconjunta.local,AdminConjunta#2026,/residente/dashboard
residencial-204,propietario_no_residente,204,Bloque B,qa.casa204@adminconjunta.local,AdminConjunta#2026,/residente/dashboard
residencial-205,residente,205,Bloque B,qa.casa205@adminconjunta.local,AdminConjunta#2026,/residente/dashboard
residencial-206,propietario_residente,206,Bloque B,qa.casa206@adminconjunta.local,AdminConjunta#2026,/residente/dashboard
residencial-207,arrendatario,207,Bloque B,qa.casa207@adminconjunta.local,AdminConjunta#2026,/residente/dashboard
residencial-208,propietario_no_residente,208,Bloque B,qa.casa208@adminconjunta.local,AdminConjunta#2026,/residente/dashboard
residencial-209,residente,209,Bloque B,qa.casa209@adminconjunta.local,AdminConjunta#2026,/residente/dashboard
residencial-210,propietario_residente,210,Bloque B,qa.casa210@adminconjunta.local,AdminConjunta#2026,/residente/dashboard
residencial-211,arrendatario,211,Bloque B,qa.casa211@adminconjunta.local,AdminConjunta#2026,/residente/dashboard
residencial-212,propietario_no_residente,212,Bloque B,qa.casa212@adminconjunta.local,AdminConjunta#2026,/residente/dashboard
residencial-213,residente,213,Bloque B,qa.casa213@adminconjunta.local,AdminConjunta#2026,/residente/dashboard
residencial-214,propietario_residente,214,Bloque B,qa.casa214@adminconjunta.local,AdminConjunta#2026,/residente/dashboard
residencial-215,arrendatario,215,Bloque B,qa.casa215@adminconjunta.local,AdminConjunta#2026,/residente/dashboard
residencial-216,propietario_no_residente,216,Bloque B,qa.casa216@adminconjunta.local,AdminConjunta#2026,/residente/dashboard
residencial-217,residente,217,Bloque B,qa.casa217@adminconjunta.local,AdminConjunta#2026,/residente/dashboard
residencial-218,propietario_residente,218,Bloque B,qa.casa218@adminconjunta.local,AdminConjunta#2026,/residente/dashboard
residencial-219,arrendatario,219,Bloque B,qa.casa219@adminconjunta.local,AdminConjunta#2026,/residente/dashboard
residencial-220,propietario_no_residente,220,Bloque B,qa.casa220@adminconjunta.local,AdminConjunta#2026,/residente/dashboard
residencial-221,residente,221,Bloque B,qa.casa221@adminconjunta.local,AdminConjunta#2026,/residente/dashboard
residencial-222,propietario_residente,222,Bloque B,qa.casa222@adminconjunta.local,AdminConjunta#2026,/residente/dashboard
residencial-223,arrendatario,223,Bloque B,qa.casa223@adminconjunta.local,AdminConjunta#2026,/residente/dashboard
residencial-224,propietario_no_residente,224,Bloque B,qa.casa224@adminconjunta.local,AdminConjunta#2026,/residente/dashboard
residencial-225,residente,225,Bloque B,qa.casa225@adminconjunta.local,AdminConjunta#2026,/residente/dashboard
residencial-226,propietario_residente,226,Bloque B,qa.casa226@adminconjunta.local,AdminConjunta#2026,/residente/dashboard
residencial-227,arrendatario,227,Bloque B,qa.casa227@adminconjunta.local,AdminConjunta#2026,/residente/dashboard
residencial-228,propietario_no_residente,228,Bloque B,qa.casa228@adminconjunta.local,AdminConjunta#2026,/residente/dashboard
residencial-229,residente,229,Bloque B,qa.casa229@adminconjunta.local,AdminConjunta#2026,/residente/dashboard
residencial-230,propietario_residente,230,Bloque B,qa.casa230@adminconjunta.local,AdminConjunta#2026,/residente/dashboard
residencial-231,arrendatario,231,Bloque B,qa.casa231@adminconjunta.local,AdminConjunta#2026,/residente/dashboard
residencial-232,propietario_no_residente,232,Bloque B,qa.casa232@adminconjunta.local,AdminConjunta#2026,/residente/dashboard
residencial-233,residente,233,Bloque B,qa.casa233@adminconjunta.local,AdminConjunta#2026,/residente/dashboard
residencial-234,propietario_residente,234,Bloque B,qa.casa234@adminconjunta.local,AdminConjunta#2026,/residente/dashboard
residencial-235,arrendatario,235,Bloque B,qa.casa235@adminconjunta.local,AdminConjunta#2026,/residente/dashboard
residencial-236,propietario_no_residente,236,Bloque B,qa.casa236@adminconjunta.local,AdminConjunta#2026,/residente/dashboard
residencial-237,residente,237,Bloque B,qa.casa237@adminconjunta.local,AdminConjunta#2026,/residente/dashboard
residencial-238,propietario_residente,238,Bloque B,qa.casa238@adminconjunta.local,AdminConjunta#2026,/residente/dashboard
residencial-239,arrendatario,239,Bloque B,qa.casa239@adminconjunta.local,AdminConjunta#2026,/residente/dashboard
residencial-240,propietario_no_residente,240,Bloque B,qa.casa240@adminconjunta.local,AdminConjunta#2026,/residente/dashboard
residencial-241,residente,241,Bloque B,qa.casa241@adminconjunta.local,AdminConjunta#2026,/residente/dashboard
residencial-242,propietario_residente,242,Bloque B,qa.casa242@adminconjunta.local,AdminConjunta#2026,/residente/dashboard
residencial-243,arrendatario,243,Bloque B,qa.casa243@adminconjunta.local,AdminConjunta#2026,/residente/dashboard
residencial-244,propietario_no_residente,244,Bloque B,qa.casa244@adminconjunta.local,AdminConjunta#2026,/residente/dashboard
residencial-245,residente,245,Bloque B,qa.casa245@adminconjunta.local,AdminConjunta#2026,/residente/dashboard
residencial-246,propietario_residente,246,Bloque B,qa.casa246@adminconjunta.local,AdminConjunta#2026,/residente/dashboard
residencial-247,arrendatario,247,Bloque B,qa.casa247@adminconjunta.local,AdminConjunta#2026,/residente/dashboard
residencial-248,propietario_no_residente,248,Bloque B,qa.casa248@adminconjunta.local,AdminConjunta#2026,/residente/dashboard
residencial-249,residente,249,Bloque B,qa.casa249@adminconjunta.local,AdminConjunta#2026,/residente/dashboard
residencial-250,propietario_residente,250,Bloque B,qa.casa250@adminconjunta.local,AdminConjunta#2026,/residente/dashboard
residencial-251,arrendatario,251,Bloque B,qa.casa251@adminconjunta.local,AdminConjunta#2026,/residente/dashboard
residencial-252,propietario_no_residente,252,Bloque B,qa.casa252@adminconjunta.local,AdminConjunta#2026,/residente/dashboard
residencial-253,residente,253,Bloque B,qa.casa253@adminconjunta.local,AdminConjunta#2026,/residente/dashboard
residencial-254,propietario_residente,254,Bloque B,qa.casa254@adminconjunta.local,AdminConjunta#2026,/residente/dashboard
residencial-255,arrendatario,255,Bloque B,qa.casa255@adminconjunta.local,AdminConjunta#2026,/residente/dashboard
residencial-256,propietario_no_residente,256,Bloque B,qa.casa256@adminconjunta.local,AdminConjunta#2026,/residente/dashboard
residencial-257,residente,257,Bloque B,qa.casa257@adminconjunta.local,AdminConjunta#2026,/residente/dashboard
residencial-258,propietario_residente,258,Bloque B,qa.casa258@adminconjunta.local,AdminConjunta#2026,/residente/dashboard
residencial-259,arrendatario,259,Bloque B,qa.casa259@adminconjunta.local,AdminConjunta#2026,/residente/dashboard
residencial-260,propietario_no_residente,260,Bloque B,qa.casa260@adminconjunta.local,AdminConjunta#2026,/residente/dashboard
residencial-261,residente,261,Bloque B,qa.casa261@adminconjunta.local,AdminConjunta#2026,/residente/dashboard
residencial-262,propietario_residente,262,Bloque B,qa.casa262@adminconjunta.local,AdminConjunta#2026,/residente/dashboard
